"DYAD","PERSON","DAY","sexf","hb","ARGUE","CLOSE","SUP","REAP"
1,1,1,1,0,0,3,5,7
1,1,2,1,0,1,3,7,8
1,1,3,1,-1,0,3,5,3
1,1,4,1,0,1,3,5,6
1,1,5,1,NA,NA,NA,NA,NA
1,1,6,1,-1,0,3,5,5
1,501,1,0,-1,0,3,7,5
1,501,2,0,NA,NA,NA,NA,NA
1,501,3,0,0,0,3,5,10
1,501,4,0,NA,NA,NA,NA,NA
1,501,5,0,NA,NA,NA,NA,NA
1,501,6,0,NA,NA,NA,NA,NA
4,4,1,1,0,0,1,5,4
4,4,2,1,0,0,1,3,5
4,4,3,1,NA,0,1,5,5
4,4,4,1,1,0,1,3,3
4,4,5,1,NA,NA,NA,NA,NA
4,4,6,1,0,2,0,2,3
4,4,7,1,0,1,1,8,4
4,504,1,0,-1,0,2,0,0
4,504,2,0,0,0,3,0,5
4,504,3,0,0,0,2,5,5
4,504,4,0,0,0,2,0,3
4,504,5,0,0,NA,3,0,0
4,504,6,0,0,NA,3,5,7
4,504,7,0,0,NA,3,4,4
5,5,1,1,NA,0,3,7,7
5,5,2,1,NA,NA,NA,NA,NA
5,5,3,1,0,0,3,7,7
5,5,4,1,1,0,2,6,5
5,5,5,1,NA,NA,NA,NA,NA
5,5,6,1,0,1,2,6,6
5,5,7,1,-1,0,2,5,4
5,505,1,0,-1,0,3,5,7
5,505,2,0,NA,NA,NA,NA,NA
5,505,3,0,-1,0,3,7,8
5,505,4,0,-1,0,2,5,7
5,505,5,0,NA,NA,NA,NA,NA
5,505,6,0,0,1,1,6,7
5,505,7,0,-1,0,2,5,5
6,6,1,1,-2,4,1,2,8
6,6,2,1,NA,NA,NA,NA,NA
6,6,3,1,-2,0,3,4,10
6,506,1,0,1,4,3,5,4
6,506,2,0,0,0,3,6,8
6,506,3,0,NA,NA,NA,NA,NA
7,7,1,1,-1,0,1,10,10
7,7,2,1,2,0,3,8,7
7,7,3,1,0,0,3,0,10
7,7,4,1,0,0,3,0,4
7,7,5,1,0,0,2,0,7
7,7,6,1,-1,0,2,0,4
7,7,7,1,NA,NA,NA,NA,NA
7,507,1,0,-1,NA,2,7,9
7,507,2,0,0,3,2,4,7
7,507,3,0,0,2,2,5,3
7,507,4,0,-3,NA,2,5,7
7,507,5,0,0,0,3,0,5
7,507,6,0,0,0,3,7,7
7,507,7,0,0,0,2,0,4
8,8,1,1,0,0,3,8,8
8,8,2,1,-2,1,1,9,4
8,8,3,1,-1,0,2,9,10
8,8,4,1,-2,0,2,8,7
8,8,5,1,NA,NA,NA,NA,NA
8,8,6,1,0,0,2,6,2
8,8,7,1,NA,NA,NA,NA,NA
8,508,1,0,0,1,3,6,10
8,508,2,0,2,0,3,10,7
8,508,3,0,-2,0,3,0,9
8,508,4,0,-1,0,3,8,8
8,508,5,0,1,0,3,5,7
8,508,6,0,0,1,3,7,6
8,508,7,0,0,0,3,5,3
10,10,1,1,0,1,3,5,8
10,10,2,1,NA,NA,NA,NA,NA
10,10,3,1,0,0,3,3,5
10,10,4,1,-1,1,3,2,6
10,10,5,1,NA,NA,NA,NA,NA
10,10,6,1,0,4,3,9,4
10,10,7,1,NA,NA,NA,NA,NA
10,510,1,0,NA,0,3,5,5
10,510,2,0,0,2,3,6,6
10,510,3,0,0,0,3,5,6
10,510,4,0,0,1,3,5,5
10,510,5,0,NA,NA,NA,NA,NA
10,510,6,0,1,3,2,5,5
10,510,7,0,-1,4,1,5,5
12,12,1,1,-1,0,3,5,8
12,12,2,1,0,1,3,3,9
12,12,3,1,NA,NA,NA,NA,NA
12,12,4,1,-1,2,2,5,3
12,12,5,1,0,0,3,1,6
12,12,6,1,0,0,3,3,9
12,512,1,0,0,0,3,9,6
12,512,2,0,NA,NA,NA,NA,NA
12,512,3,0,NA,NA,NA,NA,NA
12,512,4,0,1,0,3,5,6
12,512,5,0,2,0,3,4,6
12,512,6,0,NA,NA,NA,NA,NA
13,13,1,1,-2,0,3,0,7
13,13,2,1,-1,0,3,0,5
13,13,3,1,-2,1,2,6,3
13,13,4,1,NA,NA,NA,NA,NA
13,13,5,1,-3,1,3,3,5
13,513,1,0,0,0,3,0,5
13,513,2,0,0,0,3,5,5
13,513,3,0,-1,1,3,0,4
13,513,4,0,NA,NA,NA,NA,NA
13,513,5,0,-1,1,3,0,5
14,14,1,1,0,1,1,8,6
14,14,2,1,0,2,1,8,NA
14,14,3,1,-2,0,1,5,4
14,14,4,1,0,1,2,8,9
14,14,5,1,0,1,2,9,8
14,14,6,1,0,2,2,3,8
14,514,1,0,NA,1,0,2,6
14,514,2,0,NA,1,1,7,5
14,514,3,0,NA,1,1,8,5
14,514,4,0,NA,0,1,4,7
14,514,5,0,NA,NA,NA,NA,NA
14,514,6,0,-1,0,3,1,7
15,15,1,1,-3,1,3,0,10
15,15,2,1,-1,1,3,0,10
15,15,3,1,0,0,3,3,0
15,15,4,1,-1,0,3,0,0
15,15,5,1,0,0,3,5,0
15,15,6,1,0,0,3,0,5
15,15,7,1,-2,0,3,0,0
15,515,1,0,0,0,3,0,10
15,515,2,0,NA,NA,NA,NA,NA
15,515,3,0,-1,0,3,0,10
15,515,4,0,-1,0,3,0,0
15,515,5,0,-3,0,3,0,5
15,515,6,0,-1,0,3,0,7
15,515,7,0,2,0,3,0,6
17,17,1,1,-1,1,2,0,9
17,17,2,1,NA,NA,NA,NA,NA
17,17,3,1,-2,0,2,1,7
17,17,4,1,0,0,3,0,8
17,17,5,1,-1,3,2,0,1
17,17,6,1,-1,2,3,7,7
17,517,1,0,2,1,2,5,9
17,517,2,0,NA,NA,NA,NA,NA
17,517,3,0,-1,0,3,6,9
17,517,4,0,-3,0,3,10,8
17,517,5,0,-1,4,0,0,8
17,517,6,0,0,3,1,3,10
18,18,1,1,-1,0,3,8,8
18,18,2,1,NA,NA,NA,NA,NA
18,18,3,1,-1,0,3,3,5
18,18,4,1,0,0,3,6,7
18,18,5,1,NA,NA,NA,NA,NA
18,18,6,1,-1,0,2,7,7
18,18,7,1,0,0,3,7,8
18,518,1,0,0,0,3,3,7
18,518,2,0,0,3,3,5,9
18,518,3,0,-1,0,3,5,9
18,518,4,0,0,0,3,5,10
18,518,5,0,0,NA,NA,NA,NA
18,518,6,0,0,0,3,0,10
18,518,7,0,NA,NA,NA,NA,NA
19,19,1,1,-1,0,1,3,9
19,19,2,1,0,0,1,9,9
19,19,3,1,NA,NA,NA,NA,NA
19,19,4,1,0,0,1,8,7
19,519,1,0,0,0,1,0,6
19,519,2,0,-2,0,1,0,7
19,519,3,0,0,0,1,0,0
19,519,4,0,NA,NA,NA,NA,NA
21,21,1,1,0,0,3,1,3
21,21,2,1,0,0,3,0,7
21,21,3,1,NA,NA,NA,NA,NA
21,21,4,1,0,0,3,5,5
21,21,5,1,0,0,3,5,5
21,21,6,1,-2,0,3,0,0
21,521,1,0,0,0,3,2,8
21,521,2,0,0,0,3,1,7
21,521,3,0,-1,0,3,4,4
21,521,4,0,0,0,3,6,4
21,521,5,0,0,0,3,4,4
21,521,6,0,NA,0,3,0,0
23,23,1,1,0,0,3,2,1
23,23,2,1,NA,NA,NA,NA,NA
23,23,3,1,0,1,3,2,5
23,23,4,1,-1,1,3,2,3
23,23,5,1,-2,1,3,4,2
23,23,6,1,NA,NA,NA,NA,NA
23,23,7,1,-3,2,3,2,0
23,523,1,0,0,0,3,0,0
23,523,2,0,NA,NA,NA,NA,NA
23,523,3,0,0,0,3,0,8
23,523,4,0,0,1,3,2,8
23,523,5,0,0,4,0,0,10
23,523,6,0,NA,NA,NA,NA,NA
23,523,7,0,-2,0,3,0,0
24,24,1,1,0,4,3,0,6
24,24,2,1,-2,0,3,3,7
24,24,3,1,2,0,3,2,8
24,24,4,1,0,2,3,5,2
24,24,5,1,-1,1,3,4,2
24,24,6,1,1,0,3,2,4
24,24,7,1,NA,NA,NA,NA,NA
24,524,1,0,-1,0,0,10,7
24,524,2,0,NA,NA,NA,NA,NA
24,524,3,0,1,0,1,10,9
24,524,4,0,0,2,2,9,0
24,524,5,0,0,1,2,10,8
24,524,6,0,0,3,3,10,10
24,524,7,0,2,1,3,10,10
25,25,1,1,1,0,3,0,9
25,25,2,1,-1,0,3,0,0
25,25,3,1,0,1,0,5,5
25,25,4,1,-1,0,3,0,0
25,25,5,1,0,0,3,0,0
25,25,6,1,0,0,3,0,0
25,25,7,1,0,0,3,0,0
25,525,1,0,0,3,3,5,5
25,525,2,0,-2,1,3,0,8
25,525,3,0,0,0,3,7,7
25,525,4,0,NA,NA,NA,NA,NA
25,525,5,0,1,0,3,2,7
25,525,6,0,1,0,3,0,6
25,525,7,0,-1,0,3,1,4
26,26,1,1,-2,4,3,9,8
26,26,2,1,NA,NA,NA,NA,NA
26,26,3,1,NA,0,3,8,6
26,26,4,1,NA,0,2,9,8
26,26,5,1,NA,NA,NA,NA,NA
26,26,6,1,2,0,2,0,6
26,526,1,0,-1,0,3,3,9
26,526,2,0,0,0,2,3,8
26,526,3,0,-2,1,3,2,7
26,526,4,0,NA,NA,NA,NA,NA
26,526,5,0,NA,NA,NA,NA,NA
26,526,6,0,-1,0,3,2,7
28,28,1,1,-1,1,3,4,6
28,28,2,1,1,0,3,4,6
28,28,3,1,0,2,2,3,7
28,28,4,1,1,0,3,4,8
28,28,5,1,NA,NA,NA,NA,NA
28,28,6,1,-2,0,3,2,10
28,28,7,1,0,1,3,4,7
28,528,1,0,-1,1,3,1,8
28,528,2,0,0,0,3,2,8
28,528,3,0,-1,2,2,6,7
28,528,4,0,1,0,3,3,9
28,528,5,0,NA,NA,NA,NA,NA
28,528,6,0,0,0,3,2,9
28,528,7,0,0,1,3,3,7
30,30,1,1,-2,0,1,6,4
30,30,2,1,0,0,2,2,3
30,30,3,1,-2,NA,1,1,1
30,30,4,1,NA,NA,NA,NA,NA
30,30,5,1,-2,0,2,2,3
30,30,6,1,-2,0,2,6,8
30,530,1,0,0,0,2,2,9
30,530,2,0,0,0,2,5,0
30,530,3,0,1,0,3,8,8
30,530,4,0,-1,0,2,5,8
30,530,5,0,NA,NA,NA,NA,NA
30,530,6,0,-1,3,2,2,7
32,32,1,1,-1,3,0,0,2
32,32,2,1,0,1,1,6,2
32,32,3,1,-1,0,2,2,7
32,32,4,1,0,0,2,0,5
32,32,5,1,-2,0,1,6,6
32,32,6,1,NA,NA,NA,NA,NA
32,32,7,1,-1,0,0,4,4
32,532,1,0,-1,2,1,0,3
32,532,2,0,-2,1,1,0,8
32,532,3,0,0,0,3,0,7
32,532,4,0,-2,0,3,0,6
32,532,5,0,-2,0,2,2,5
32,532,6,0,NA,NA,NA,NA,NA
32,532,7,0,-2,0,2,4,3
38,38,1,1,-1,3,2,0,5
38,38,2,1,-2,0,3,5,7
38,38,3,1,-2,0,3,3,6
38,38,4,1,NA,NA,NA,NA,NA
38,38,5,1,0,0,3,4,7
38,38,6,1,NA,NA,NA,NA,NA
38,38,7,1,0,0,3,5,5
38,538,1,0,-2,NA,NA,6,4
38,538,2,0,-2,1,3,5,2
38,538,3,0,-1,1,3,3,3
38,538,4,0,NA,NA,NA,NA,NA
38,538,5,0,-1,0,3,NA,3
38,538,6,0,NA,NA,NA,NA,NA
38,538,7,0,-3,0,3,1,4
40,40,1,1,0,2,2,6,6
40,40,2,1,0,2,2,7,6
40,40,3,1,0,1,2,6,7
40,40,4,1,0,1,2,7,8
40,40,5,1,0,0,2,6,6
40,40,6,1,0,0,2,8,8
40,540,1,0,0,1,2,7,7
40,540,2,0,0,1,2,6,5
40,540,3,0,0,1,2,6,7
40,540,4,0,0,1,2,7,7
40,540,5,0,-1,0,2,7,6
40,540,6,0,0,1,2,6,8
41,41,1,1,NA,NA,NA,NA,NA
41,41,2,1,0,1,3,0,4
41,41,3,1,0,0,3,0,9
41,41,4,1,0,0,3,0,7
41,41,5,1,0,0,3,0,0
41,41,6,1,0,1,3,0,8
41,41,7,1,0,4,0,0,9
41,541,1,0,NA,NA,NA,NA,NA
41,541,2,0,2,1,3,5,5
41,541,3,0,-1,0,3,5,5
41,541,4,0,-1,0,3,0,0
41,541,5,0,0,0,2,6,5
41,541,6,0,0,2,3,1,10
41,541,7,0,-1,2,2,0,2
46,46,1,1,2,0,3,0,5
46,46,2,1,2,0,3,0,4
46,46,3,1,3,0,3,0,8
46,46,4,1,NA,NA,NA,NA,NA
46,46,5,1,1,1,2,0,4
46,46,6,1,NA,NA,NA,NA,NA
46,46,7,1,0,0,2,0,5
46,546,1,0,1,0,2,0,10
46,546,2,0,-1,0,2,5,5
46,546,3,0,1,0,1,0,6
46,546,4,0,NA,NA,NA,NA,NA
46,546,5,0,0,0,2,0,5
46,546,6,0,NA,NA,NA,NA,NA
46,546,7,0,-1,1,2,5,7
50,50,1,1,-1,0,3,7,10
50,50,2,1,-2,0,2,5,8
50,50,3,1,-1,0,3,6,8
50,50,4,1,0,0,3,4,9
50,50,5,1,NA,NA,NA,NA,NA
50,50,6,1,1,0,3,2,10
50,50,7,1,-1,0,3,3,10
50,550,1,0,0,0,3,5,8
50,550,2,0,0,0,2,4,3
50,550,3,0,0,0,3,5,7
50,550,4,0,1,0,3,5,9
50,550,5,0,NA,NA,NA,NA,NA
50,550,6,0,1,0,3,4,9
50,550,7,0,-1,0,3,4,8
51,51,1,1,-1,0,1,0,5
51,51,2,1,0,0,1,0,0
51,51,3,1,NA,NA,NA,NA,NA
51,51,4,1,0,1,1,7,2
51,51,5,1,1,0,1,NA,0
51,51,6,1,NA,NA,NA,NA,NA
51,51,7,1,1,0,1,0,8
51,551,1,0,0,0,2,0,0
51,551,2,0,2,0,2,0,0
51,551,3,0,NA,NA,NA,NA,NA
51,551,4,0,0,1,1,5,6
51,551,5,0,NA,0,1,0,1
51,551,6,0,NA,NA,NA,NA,NA
51,551,7,0,NA,0,1,NA,5
54,54,1,1,0,0,3,4,7
54,54,2,1,-1,0,3,5,4
54,54,3,1,0,0,3,3,7
54,54,4,1,1,0,3,3,4
54,54,5,1,-2,2,3,3,5
54,54,6,1,NA,NA,NA,NA,NA
54,54,7,1,-2,0,3,3,6
54,554,1,0,-1,0,3,6,5
54,554,2,0,1,0,3,5,6
54,554,3,0,1,0,3,4,6
54,554,4,0,-1,0,3,7,4
54,554,5,0,-1,2,2,5,6
54,554,6,0,NA,NA,NA,NA,NA
54,554,7,0,0,0,3,5,6
60,60,1,1,0,0,2,2,5
60,60,2,1,NA,NA,NA,NA,NA
60,60,3,1,0,2,2,7,5
60,60,4,1,0,4,0,0,5
60,60,5,1,-1,2,2,1,3
60,60,6,1,0,0,2,7,6
60,60,7,1,-1,0,2,0,7
60,560,1,0,-1,0,1,4,7
60,560,2,0,NA,NA,NA,NA,NA
60,560,3,0,1,2,2,8,6
60,560,4,0,-1,4,0,2,0
60,560,5,0,1,3,1,9,7
60,560,6,0,-2,0,2,9,7
60,560,7,0,-3,0,2,8,6
61,61,1,1,-2,0,2,7,5
61,61,2,1,-1,0,1,8,2
61,61,3,1,-1,0,2,4,10
61,61,4,1,0,0,2,2,7
61,61,6,1,0,1,2,3,8
61,61,7,1,2,0,3,1,9
61,561,1,0,0,0,2,3,9
61,561,2,0,-1,0,1,4,6
61,561,3,0,0,0,2,2,9
61,561,4,0,0,0,2,2,7
61,561,6,0,1,1,2,3,9
61,561,7,0,2,0,3,2,9
64,64,1,1,-2,0,3,0,7
64,64,2,1,-2,0,2,0,8
64,64,3,1,NA,NA,NA,NA,NA
64,64,4,1,0,3,2,0,5
64,64,5,1,1,1,3,0,8
64,64,6,1,NA,NA,NA,NA,NA
64,64,7,1,-2,1,3,1,8
64,564,1,0,-2,0,3,0,9
64,564,2,0,0,0,2,0,4
64,564,3,0,NA,NA,NA,NA,NA
64,564,4,0,0,0,3,4,8
64,564,5,0,-1,0,3,0,7
64,564,6,0,NA,NA,NA,NA,NA
64,564,7,0,-2,0,3,1,10
66,66,1,1,0,1,3,4,7
66,66,2,1,NA,NA,NA,NA,NA
66,66,3,1,NA,0,3,0,0
66,66,4,1,1,0,3,0,5
66,66,5,1,-3,NA,3,0,0
66,66,6,1,NA,NA,NA,NA,NA
66,66,7,1,1,2,3,0,0
66,566,1,0,0,1,3,6,NA
66,566,2,0,NA,NA,NA,NA,NA
66,566,3,0,-1,0,3,7,6
66,566,4,0,0,0,2,5,3
66,566,5,0,2,0,3,6,5
66,566,6,0,NA,NA,NA,NA,NA
66,566,7,0,1,0,3,5,5
68,68,1,1,0,0,2,4,5
68,68,2,1,0,0,2,3,5
68,68,3,1,0,1,2,5,5
68,68,4,1,-1,0,2,0,5
68,68,5,1,1,0,2,0,5
68,68,6,1,NA,NA,NA,NA,NA
68,68,7,1,0,2,2,0,5
68,68,8,1,0,0,2,0,1
68,568,1,0,-1,0,3,1,7
68,568,2,0,2,0,3,1,1
68,568,3,0,-2,0,3,2,7
68,568,4,0,0,0,3,3,7
68,568,5,0,2,0,3,0,8
68,568,6,0,NA,NA,NA,NA,NA
68,568,7,0,-2,0,3,7,6
68,568,8,0,-1,0,3,1,7
70,70,1,1,0,1,2,3,8
70,70,2,1,1,1,3,3,5
70,70,3,1,0,0,2,0,9
70,570,1,0,NA,2,3,0,10
70,570,2,0,0,2,2,2,2
70,570,3,0,3,0,2,4,8
71,71,1,1,-1,1,2,5,9
71,71,2,1,0,1,3,5,10
71,71,3,1,1,0,3,6,9
71,71,4,1,-1,2,3,5,9
71,71,5,1,-2,1,2,7,8
71,71,6,1,2,0,3,5,8
71,71,7,1,-2,0,3,5,9
71,571,1,0,-1,1,2,7,9
71,571,2,0,-1,2,3,3,6
71,571,3,0,-2,1,3,5,8
71,571,4,0,3,1,3,7,10
71,571,5,0,-2,1,2,8,4
71,571,6,0,2,0,3,5,7
71,571,7,0,-2,1,3,4,5
72,72,1,1,1,1,2,8,8
72,72,2,1,2,1,2,8,8
72,72,3,1,-1,0,3,4,4
72,72,4,1,-3,2,1,8,4
72,72,5,1,-1,0,2,7,7
72,72,6,1,-1,0,2,8,7
72,72,7,1,-2,2,2,6,6
72,572,1,0,1,2,2,3,3
72,572,2,0,-1,2,3,3,7
72,572,3,0,0,0,2,4,8
72,572,4,0,-2,2,2,7,3
72,572,5,0,-1,0,2,4,6
72,572,6,0,0,0,2,3,7
72,572,7,0,-1,1,2,3,7
73,73,1,1,1,2,1,4,6
73,73,2,1,-3,3,1,1,9
73,73,3,1,0,1,1,8,6
73,73,4,1,3,0,2,3,7
73,73,5,1,-1,1,1,3,6
73,73,6,1,-3,1,0,9,2
73,73,7,1,1,2,1,6,3
73,573,1,0,0,0,3,1,10
73,573,2,0,0,0,3,2,8
73,573,3,0,-2,0,3,9,8
73,573,4,0,0,0,2,2,8
73,573,5,0,0,0,3,2,10
73,573,6,0,0,1,2,1,7
73,573,7,0,2,0,3,1,10
74,74,1,1,-1,2,1,5,1
74,74,2,1,-1,2,3,6,6
74,74,3,1,-1,1,1,6,6
74,74,4,1,0,1,2,6,1
74,74,5,1,-1,2,2,5,1
74,74,6,1,-1,2,2,1,1
74,74,7,1,-1,1,2,6,6
74,574,1,0,-2,1,2,6,6
74,574,2,0,-1,1,1,5,5
74,574,3,0,-3,1,2,1,1
74,574,4,0,-3,2,2,10,1
74,574,5,0,-1,2,2,1,5
74,574,6,0,-1,1,2,10,1
74,574,7,0,-1,1,2,5,5
75,75,1,1,1,0,2,6,8
75,75,2,1,-2,1,1,8,9
75,75,3,1,0,0,3,5,8
75,75,4,1,1,0,2,4,7
75,75,5,1,-2,0,2,5,10
75,75,6,1,0,0,2,7,8
75,75,7,1,-1,0,3,6,9
75,575,1,0,-1,2,3,8,8
75,575,2,0,0,1,3,7,7
75,575,3,0,1,2,2,6,7
75,575,4,0,0,3,2,7,6
75,575,5,0,0,2,1,6,7
75,575,6,0,-1,3,2,7,6
75,575,7,0,0,1,3,6,7
76,76,1,1,0,0,2,10,10
76,76,2,1,0,0,2,10,10
76,76,3,1,0,2,2,10,10
76,76,4,1,0,0,2,8,8
76,76,5,1,0,0,2,10,10
76,76,6,1,-1,0,2,10,10
76,76,7,1,0,0,2,8,9
76,576,1,0,0,0,2,7,10
76,576,2,0,0,0,2,7,10
76,576,3,0,0,1,2,7,10
76,576,4,0,1,0,2,8,9
76,576,5,0,0,0,2,10,10
76,576,6,0,0,0,2,10,10
76,576,7,0,0,1,2,7,8
77,77,1,1,0,0,3,10,10
77,77,2,1,0,0,3,10,10
77,77,3,1,0,0,3,8,8
77,77,4,1,0,0,3,9,9
77,77,5,1,-1,0,3,10,10
77,77,6,1,0,0,3,10,10
77,77,7,1,0,0,3,10,10
77,577,1,0,0,0,3,10,10
77,577,2,0,0,0,3,10,10
77,577,3,0,0,0,3,10,10
77,577,4,0,0,0,3,10,10
77,577,5,0,0,1,3,8,8
77,577,6,0,0,0,3,10,9
77,577,7,0,0,0,3,10,10
78,78,1,1,0,0,3,10,10
78,78,2,1,0,0,3,10,10
78,78,3,1,0,0,3,10,10
78,78,4,1,0,0,3,9,9
78,78,5,1,0,0,3,10,10
78,78,6,1,0,0,3,10,10
78,78,7,1,0,0,3,10,10
78,578,1,0,0,0,3,10,10
78,578,2,0,0,0,3,10,10
78,578,3,0,0,0,3,10,10
78,578,4,0,0,0,3,10,10
78,578,5,0,0,0,3,10,10
78,578,6,0,0,0,3,10,10
78,578,7,0,0,0,3,10,10
79,79,1,1,0,0,3,10,10
79,79,2,1,0,1,3,9,9
79,79,3,1,0,1,3,10,10
79,79,4,1,-2,1,3,10,10
79,79,5,1,0,1,3,10,10
79,79,6,1,0,1,3,10,10
79,79,7,1,-1,1,3,10,10
79,579,1,0,0,0,2,8,9
79,579,2,0,0,0,2,9,8
79,579,3,0,0,0,2,10,9
79,579,4,0,0,0,1,8,8
79,579,5,0,-1,2,2,7,7
79,579,6,0,0,1,2,10,10
79,579,7,0,0,0,2,6,9
80,80,1,1,0,0,2,8,9
80,80,2,1,0,1,2,8,7
80,80,3,1,0,2,2,9,9
80,80,4,1,0,0,2,8,7
80,80,5,1,0,2,2,7,9
80,80,6,1,1,2,2,8,7
80,80,7,1,0,0,2,9,9
80,580,1,0,0,0,2,8,8
80,580,2,0,0,1,2,10,9
80,580,3,0,0,1,2,9,9
80,580,4,0,-2,0,2,7,6
80,580,5,0,0,2,2,9,9
80,580,6,0,0,2,2,7,7
80,580,7,0,0,0,2,7,9
81,81,1,1,0,0,3,10,10
81,81,2,1,0,0,3,10,10
81,81,3,1,0,0,3,10,10
81,81,4,1,0,0,3,0,10
81,81,5,1,0,2,3,2,10
81,81,6,1,0,2,3,0,10
81,81,7,1,0,0,3,0,10
81,581,1,0,0,0,3,1,10
81,581,2,0,0,0,3,10,10
81,581,3,0,0,0,3,0,10
81,581,4,0,0,0,3,0,10
81,581,5,0,0,1,3,2,10
81,581,6,0,0,1,3,1,10
81,581,7,0,0,0,3,10,10
82,82,1,1,0,0,3,10,10
82,82,2,1,0,0,3,10,10
82,82,3,1,0,0,3,10,10
82,82,4,1,0,0,3,9,8
82,82,5,1,0,0,3,10,10
82,82,6,1,0,0,3,10,10
82,82,7,1,0,0,3,10,10
82,582,1,0,0,0,3,0,8
82,582,2,0,0,0,3,8,8
82,582,3,0,0,0,3,10,10
82,582,4,0,-1,0,3,0,9
82,582,5,0,1,0,3,1,10
82,582,6,0,-1,0,3,2,10
82,582,7,0,-1,0,3,2,10
83,83,1,1,1,0,3,10,8
83,83,2,1,1,0,2,7,5
83,83,3,1,0,1,3,5,5
83,83,4,1,-1,2,3,9,4
83,83,5,1,1,1,2,7,8
83,83,6,1,3,0,3,5,10
83,83,7,1,0,0,3,10,10
83,583,1,0,0,0,3,7,10
83,583,2,0,0,1,3,3,6
83,583,3,0,3,2,3,6,6
83,583,4,0,1,3,2,5,7
83,583,5,0,2,0,3,9,5
83,583,6,0,1,0,2,9,9
83,583,7,0,1,1,3,8,8
84,84,1,1,1,0,3,10,8
84,84,2,1,1,0,2,7,8
84,84,3,1,0,1,3,5,5
84,84,4,1,-1,2,3,9,8
84,84,5,1,1,1,2,7,8
84,84,6,1,3,0,3,5,10
84,84,7,1,0,0,3,10,10
84,584,1,0,0,0,3,7,10
84,584,2,0,0,1,3,9,6
84,584,3,0,3,2,3,6,6
84,584,4,0,1,3,2,5,7
84,584,5,0,2,0,3,9,9
84,584,6,0,1,0,2,9,9
84,584,7,0,1,1,3,8,8
85,85,1,1,0,1,3,5,5
85,85,2,1,-1,0,0,10,3
85,85,3,1,0,0,1,10,8
85,85,4,1,-1,2,3,9,2
85,85,5,1,0,0,2,3,8
85,85,6,1,0,1,1,3,1
85,85,7,1,-3,4,3,5,9
85,585,1,0,0,0,3,6,7
85,585,2,0,0,0,3,4,5
85,585,3,0,-1,0,3,5,4
85,585,4,0,2,0,2,2,4
85,585,5,0,1,0,1,5,6
85,585,6,0,0,0,1,2,2
85,585,7,0,-1,0,3,2,5
86,86,1,1,0,0,3,10,10
86,86,2,1,0,1,3,0,10
86,86,3,1,1,0,3,0,10
86,86,4,1,0,0,3,0,10
86,86,5,1,0,0,3,0,10
86,86,6,1,0,0,2,0,10
86,86,7,1,0,0,3,0,10
86,586,1,0,0,0,3,0,10
86,586,2,0,0,1,3,0,10
86,586,3,0,1,0,3,0,10
86,586,4,0,0,0,3,0,10
86,586,5,0,0,0,3,0,10
86,586,6,0,0,0,3,0,10
86,586,7,0,0,1,3,3,10
87,87,1,1,0,0,3,0,10
87,87,2,1,1,0,3,7,10
87,87,3,1,0,1,3,9,10
87,87,4,1,0,1,3,3,10
87,87,5,1,1,1,3,9,10
87,87,6,1,0,1,3,10,10
87,87,7,1,1,1,3,0,10
87,587,1,0,0,0,3,0,10
87,587,2,0,1,0,3,0,9
87,587,3,0,-1,1,3,0,9
87,587,4,0,-1,1,3,0,10
87,587,5,0,0,1,3,10,10
87,587,6,0,0,1,3,1,10
87,587,7,0,-2,1,2,1,9
88,88,1,1,0,0,3,3,10
88,88,2,1,1,1,3,0,10
88,88,3,1,0,0,3,2,10
88,88,4,1,0,0,3,3,10
88,88,5,1,0,0,3,0,10
88,88,6,1,0,0,3,2,10
88,88,7,1,1,1,3,2,10
88,588,1,0,0,0,3,0,10
88,588,2,0,0,1,3,0,10
88,588,3,0,0,0,3,1,10
88,588,4,0,-1,0,3,1,10
88,588,5,0,1,0,3,0,9
88,588,6,0,0,1,3,0,10
88,588,7,0,0,1,3,2,10
89,89,1,1,1,0,3,2,10
89,89,2,1,0,0,3,0,10
89,89,3,1,0,0,3,0,10
89,89,4,1,0,1,3,0,10
89,89,5,1,0,1,3,10,10
89,89,6,1,0,0,2,0,10
89,89,7,1,0,0,2,0,10
89,589,1,0,1,0,3,0,10
89,589,2,0,1,0,3,0,10
89,589,3,0,0,0,3,0,10
89,589,4,0,1,1,3,0,10
89,589,5,0,0,1,3,0,10
89,589,6,0,0,0,3,0,10
89,589,7,0,0,0,3,1,10
90,90,1,1,0,0,2,5,5
90,90,2,1,0,0,2,5,5
90,90,3,1,0,0,2,5,5
90,90,4,1,-2,0,2,5,5
90,90,5,1,0,0,2,5,5
90,90,6,1,0,0,2,5,5
90,90,7,1,0,0,2,5,5
90,590,1,0,0,0,2,5,5
90,590,2,0,0,0,2,5,5
90,590,3,0,-1,0,2,5,5
90,590,4,0,3,0,0,5,5
90,590,5,0,0,0,2,5,5
90,590,6,0,0,0,2,5,5
90,590,7,0,0,0,2,5,5
91,91,1,1,-3,2,3,5,5
91,91,2,1,-2,2,3,5,5
91,91,3,1,-3,1,3,5,5
91,91,4,1,-3,1,2,5,5
91,91,5,1,-3,1,3,5,5
91,91,6,1,-2,0,3,5,5
91,91,7,1,NA,NA,NA,NA,NA
91,591,1,0,-1,1,3,5,8
91,591,2,0,-1,2,2,5,8
91,591,3,0,0,2,2,5,6
91,591,4,0,0,1,3,7,6
91,591,5,0,0,4,3,5,5
91,591,6,0,0,0,3,5,9
91,591,7,0,-2,2,3,5,9
92,92,1,1,0,2,2,10,10
92,92,2,1,0,3,2,3,6
92,92,3,1,-1,3,2,7,6
92,92,4,1,-2,3,2,6,3
92,92,5,1,2,2,2,8,8
92,92,6,1,0,2,2,8,8
92,92,7,1,-3,2,3,5,5
92,592,1,0,0,3,2,10,10
92,592,2,0,0,3,1,5,10
92,592,3,0,0,3,2,10,10
92,592,4,0,-2,3,3,10,9
92,592,5,0,3,2,2,10,10
92,592,6,0,0,2,2,9,10
92,592,7,0,-3,2,2,10,10
93,93,1,1,0,0,3,0,8
93,93,2,1,0,0,3,0,8
93,93,3,1,0,0,3,10,0
93,93,4,1,0,0,3,10,0
93,93,5,1,1,0,3,10,0
93,93,6,1,0,0,3,10,0
93,93,7,1,0,0,3,10,0
93,593,1,0,0,0,3,4,0
93,593,2,0,0,0,3,4,0
93,593,3,0,0,0,3,4,0
93,593,4,0,0,0,3,4,0
93,593,5,0,-1,0,3,4,0
93,593,6,0,0,0,3,4,0
93,593,7,0,0,0,3,4,0
94,94,1,1,1,1,3,5,5
94,94,2,1,2,1,2,5,5
94,94,3,1,-1,0,2,9,7
94,94,4,1,0,3,0,9,2
94,94,5,1,1,1,2,6,8
94,94,6,1,3,0,3,8,8
94,94,7,1,-3,0,2,3,7
94,594,1,0,-2,0,3,7,8
94,594,2,0,1,0,3,8,8
94,594,3,0,-1,0,3,0,8
94,594,4,0,0,0,2,9,8
94,594,5,0,0,0,2,8,7
94,594,6,0,0,0,2,5,5
94,594,7,0,0,0,2,5,5
95,95,1,1,-1,3,2,9,10
95,95,2,1,-1,2,3,10,10
95,95,3,1,2,4,2,9,10
95,95,4,1,-2,3,1,9,9
95,95,5,1,0,3,2,10,10
95,95,6,1,-2,3,3,10,10
95,95,7,1,0,4,3,7,8
95,595,1,0,0,2,2,9,10
95,595,2,0,-3,0,2,9,10
95,595,3,0,-2,0,2,9,10
95,595,4,0,-3,1,0,10,9
95,595,5,0,-1,3,2,9,10
95,595,6,0,0,2,2,8,8
95,595,7,0,-2,2,3,10,10
96,96,1,1,-3,2,0,5,5
96,96,2,1,-3,1,1,3,2
96,96,3,1,-3,1,1,6,5
96,96,4,1,-1,3,1,6,6
96,96,5,1,-3,3,1,5,6
96,96,6,1,-3,3,1,5,6
96,96,7,1,-3,3,1,5,6
96,596,1,0,-3,2,1,6,4
96,596,2,0,-3,3,0,3,2
96,596,3,0,-3,1,1,6,5
96,596,4,0,-3,3,0,6,5
96,596,5,0,-3,3,1,7,3
96,596,6,0,-3,3,1,5,6
96,596,7,0,-3,3,1,6,6
97,97,1,1,0,0,3,7,10
97,97,2,1,1,0,3,8,8
97,97,3,1,0,0,3,0,6
97,97,4,1,1,0,3,3,7
97,97,5,1,1,0,3,2,8
97,97,6,1,1,0,3,2,8
97,97,7,1,0,0,3,3,9
97,597,1,0,0,0,3,8,10
97,597,2,0,3,0,3,7,9
97,597,3,0,0,0,3,0,9
97,597,4,0,0,0,3,3,8
97,597,5,0,1,0,3,2,8
97,597,6,0,0,0,3,2,8
97,597,7,0,0,0,3,2,8
98,98,1,1,-1,1,3,2,10
98,98,2,1,2,2,3,1,10
98,98,3,1,2,2,3,0,10
98,98,4,1,1,0,3,1,10
98,98,5,1,0,0,3,9,10
98,98,6,1,0,0,3,2,10
98,98,7,1,0,0,3,10,10
98,598,1,0,-1,1,3,0,5
98,598,2,0,2,2,3,0,6
98,598,3,0,1,2,3,0,5
98,598,4,0,1,0,3,0,10
98,598,5,0,0,0,3,0,10
98,598,6,0,0,0,3,0,10
98,598,7,0,0,0,3,0,10
99,99,1,1,0,0,3,0,9
99,99,2,1,0,0,3,0,9
99,99,3,1,0,0,3,0,9
99,99,4,1,0,0,3,0,9
99,99,5,1,0,0,3,0,9
99,99,6,1,0,0,3,0,9
99,99,7,1,0,0,3,0,9
99,599,1,0,1,1,3,0,9
99,599,2,0,0,3,3,0,6
99,599,3,0,0,2,3,0,6
99,599,4,0,0,0,3,0,6
99,599,5,0,0,0,3,0,6
99,599,6,0,0,0,3,0,6
99,599,7,0,0,0,3,0,6
100,100,1,1,-1,1,0,2,8
100,100,2,1,-1,0,3,3,7
100,100,3,1,0,0,3,1,9
100,100,4,1,0,0,3,5,7
100,100,5,1,0,0,3,5,5
100,100,6,1,0,0,3,5,6
100,100,7,1,0,0,3,4,2
100,600,1,0,0,0,1,1,8
100,600,2,0,0,0,1,1,8
100,600,3,0,0,0,3,4,8
100,600,4,0,0,0,3,5,8
100,600,5,0,0,0,3,5,6
100,600,6,0,0,0,3,3,5
100,600,7,0,0,0,3,2,7
101,101,1,1,-1,0,2,9,9
101,101,2,1,-1,0,2,8,8
101,101,3,1,0,0,2,10,10
101,101,4,1,-1,0,2,9,9
101,101,5,1,-1,0,2,8,8
101,101,6,1,-1,0,2,9,9
101,101,7,1,-1,0,2,9,9
101,601,1,0,-2,0,2,9,9
101,601,2,0,-1,0,3,9,9
101,601,3,0,-1,0,2,9,8
101,601,4,0,-1,0,2,9,9
101,601,5,0,-1,0,3,9,9
101,601,6,0,-2,0,2,9,9
101,601,7,0,-1,0,2,8,8
102,102,1,1,-1,0,3,6,10
102,102,2,1,-1,0,3,6,6
102,102,3,1,0,0,3,6,6
102,102,4,1,0,0,3,6,10
102,102,5,1,0,0,3,6,10
102,102,6,1,-2,0,3,6,6
102,102,7,1,-2,0,3,8,7
102,602,1,0,-1,0,3,7,10
102,602,2,0,-1,0,3,7,6
102,602,3,0,-1,0,3,6,6
102,602,4,0,-1,0,3,6,6
102,602,5,0,-1,0,3,6,10
102,602,6,0,-1,0,3,6,10
102,602,7,0,-1,0,3,6,6
103,103,1,1,0,0,3,3,7
103,103,2,1,-1,0,3,3,7
103,103,3,1,0,0,3,5,8
103,103,4,1,0,0,3,5,8
103,103,5,1,-1,0,3,5,7
103,103,6,1,-1,0,3,5,8
103,103,7,1,-1,0,3,4,7
103,603,1,0,-1,0,3,4,7
103,603,2,0,-1,0,3,4,7
103,603,3,0,0,0,3,5,7
103,603,4,0,0,0,3,5,9
103,603,5,0,-2,0,2,5,7
103,603,6,0,-2,0,3,3,7
103,603,7,0,-1,0,2,3,8
104,104,1,1,0,0,3,9,8
104,104,2,1,-1,0,3,4,7
104,104,3,1,-2,0,3,3,8
104,104,4,1,-1,0,3,6,7
104,104,5,1,0,0,3,2,7
104,104,6,1,-2,0,3,4,7
104,104,7,1,0,0,3,3,7
104,604,1,0,0,0,3,2,8
104,604,2,0,-1,0,2,5,8
104,604,3,0,-1,0,3,4,7
104,604,4,0,0,0,3,4,8
104,604,5,0,0,0,3,4,7
104,604,6,0,0,0,3,2,7
104,604,7,0,0,0,3,4,7
105,105,1,1,-3,1,3,4,7
105,105,2,1,-1,1,3,5,7
105,105,3,1,-2,0,3,4,7
105,105,4,1,0,1,3,4,7
105,105,5,1,0,0,3,5,7
105,105,6,1,-1,0,3,5,7
105,105,7,1,-1,0,3,4,8
105,605,1,0,-3,1,3,6,9
105,605,2,0,-1,2,3,6,8
105,605,3,0,-2,0,3,5,8
105,605,4,0,0,1,3,4,10
105,605,5,0,0,0,3,8,7
105,605,6,0,-1,0,3,3,8
105,605,7,0,-1,0,3,5,8
106,106,1,1,-1,0,3,5,8
106,106,2,1,-1,0,3,4,8
106,106,3,1,1,0,3,6,8
106,106,4,1,2,0,3,5,9
106,106,5,1,0,0,3,10,10
106,106,6,1,2,0,3,4,10
106,106,7,1,-1,0,3,4,8
106,606,1,0,-1,0,3,4,8
106,606,2,0,-2,0,3,5,8
106,606,3,0,-1,0,3,4,8
106,606,4,0,-1,0,3,5,9
106,606,5,0,0,0,3,4,10
106,606,6,0,-3,0,3,4,10
106,606,7,0,-1,0,3,4,7
107,107,1,1,-1,0,3,3,8
107,107,2,1,0,0,3,3,8
107,107,3,1,0,0,3,5,10
107,107,4,1,-1,0,3,4,4
107,107,5,1,0,0,3,5,10
107,107,6,1,2,0,3,3,8
107,107,7,1,3,0,3,4,10
107,607,1,0,0,0,3,3,9
107,607,2,0,0,0,3,2,10
107,607,3,0,0,0,3,4,5
107,607,4,0,0,0,3,6,9
107,607,5,0,0,0,3,5,6
107,607,6,0,0,0,3,4,8
107,607,7,0,-2,0,3,4,8
108,108,1,1,-1,0,3,4,7
108,108,2,1,1,0,3,0,7
108,108,3,1,0,0,3,5,7
108,108,4,1,-1,0,3,5,7
108,108,5,1,-1,0,3,4,6
108,108,6,1,0,0,3,4,7
108,108,7,1,0,0,3,5,7
108,608,1,0,-2,0,3,4,8
108,608,2,0,3,0,3,4,8
108,608,3,0,0,0,3,4,8
108,608,4,0,0,0,3,4,8
108,608,5,0,2,0,3,4,9
108,608,6,0,3,0,3,5,8
108,608,7,0,-1,0,3,4,9
109,109,1,1,-1,0,3,2,8
109,109,2,1,-1,0,3,4,8
109,109,3,1,-2,0,3,4,7
109,109,4,1,-1,0,3,2,8
109,109,5,1,0,0,3,4,8
109,109,6,1,-3,1,3,2,8
109,109,7,1,-1,1,3,3,8
109,609,1,0,-1,0,3,1,8
109,609,2,0,-1,0,3,0,8
109,609,3,0,-2,0,3,2,8
109,609,4,0,-1,0,3,2,8
109,609,5,0,0,0,3,2,8
109,609,6,0,-3,1,2,2,8
109,609,7,0,-1,1,2,1,8
110,110,1,1,0,0,3,7,7
110,110,2,1,0,0,3,4,7
110,110,3,1,0,0,3,6,7
110,110,4,1,0,0,3,5,7
110,110,5,1,0,0,3,5,7
110,110,6,1,0,1,3,5,7
110,110,7,1,-1,1,3,7,7
110,610,1,0,0,0,3,5,6
110,610,2,0,-1,0,3,5,6
110,610,3,0,-2,0,2,2,7
110,610,4,0,0,0,3,5,8
110,610,5,0,0,0,3,5,7
110,610,6,0,0,0,2,5,6
110,610,7,0,-1,0,3,5,9
111,111,1,1,0,0,3,5,7
111,111,2,1,0,0,3,5,7
111,111,3,1,0,0,3,5,7
111,111,4,1,0,1,3,7,7
111,111,5,1,0,0,3,7,7
111,111,6,1,0,0,3,4,7
111,111,7,1,-1,0,3,5,8
111,611,1,0,0,0,2,5,8
111,611,2,0,0,0,3,4,7
111,611,3,0,0,0,3,5,7
111,611,4,0,0,1,3,5,8
111,611,5,0,-2,0,3,5,8
111,611,6,0,0,0,3,5,8
111,611,7,0,-3,0,3,5,7
112,112,1,1,-1,0,3,4,7
112,112,2,1,0,0,3,5,7
112,112,3,1,0,1,3,5,6
112,112,4,1,-1,1,3,5,6
112,112,5,1,0,1,3,5,7
112,112,6,1,1,1,3,5,7
112,112,7,1,0,0,3,5,7
112,612,1,0,-2,0,3,2,7
112,612,2,0,0,0,3,4,6
112,612,3,0,0,1,3,0,6
112,612,4,0,-1,1,3,3,7
112,612,5,0,0,1,2,4,7
112,612,6,0,-1,1,3,5,6
112,612,7,0,0,0,3,5,6
113,113,1,1,0,0,3,4,7
113,113,2,1,0,1,3,4,7
113,113,3,1,-3,0,3,5,7
113,113,4,1,0,0,3,4,8
113,113,5,1,0,0,3,5,7
113,113,6,1,-3,1,2,4,7
113,113,7,1,0,0,2,3,7
113,613,1,0,-1,0,3,7,7
113,613,2,0,0,1,3,5,7
113,613,3,0,0,0,3,5,6
113,613,4,0,0,0,2,5,7
113,613,5,0,0,0,3,5,7
113,613,6,0,-1,1,3,5,7
113,613,7,0,0,0,3,5,7
114,114,1,1,0,1,3,5,6
114,114,2,1,0,1,3,5,7
114,114,3,1,0,1,3,5,7
114,114,4,1,-2,0,3,5,7
114,114,5,1,-1,2,3,6,6
114,114,6,1,0,0,3,5,7
114,114,7,1,0,1,3,5,7
114,614,1,0,-2,1,2,5,6
114,614,2,0,-2,0,3,4,6
114,614,3,0,0,1,3,6,6
114,614,4,0,0,0,2,6,6
114,614,5,0,0,2,3,3,6
114,614,6,0,-1,0,2,5,6
114,614,7,0,0,1,3,5,7
115,115,1,1,-2,0,3,8,7
115,115,2,1,0,0,3,2,7
115,115,3,1,-2,0,3,4,8
115,115,4,1,-1,0,2,5,7
115,115,5,1,0,0,2,4,6
115,115,6,1,0,0,2,4,7
115,115,7,1,-1,0,3,5,8
115,615,1,0,0,0,3,3,7
115,615,2,0,-1,0,2,4,7
115,615,3,0,-1,0,3,4,7
115,615,4,0,0,0,3,4,8
115,615,5,0,-2,0,3,3,8
115,615,6,0,-3,0,3,4,7
115,615,7,0,-1,0,3,2,8
116,116,1,1,0,0,3,1,8
116,116,2,1,0,0,3,1,8
116,116,3,1,-2,1,3,4,8
116,116,4,1,-1,0,3,1,7
116,116,5,1,0,1,3,1,7
116,116,6,1,0,0,3,1,7
116,116,7,1,0,0,3,7,9
116,616,1,0,-2,0,3,2,8
116,616,2,0,0,0,2,3,8
116,616,3,0,-2,1,2,7,7
116,616,4,0,-1,0,2,4,8
116,616,5,0,0,1,2,4,10
116,616,6,0,0,0,2,5,8
116,616,7,0,0,0,2,4,6
117,117,1,1,0,0,2,4,7
117,117,2,1,3,0,3,4,6
117,117,3,1,3,1,3,4,6
117,117,4,1,-1,0,2,4,6
117,117,5,1,0,0,2,3,7
117,117,6,1,1,0,3,3,8
117,117,7,1,0,0,2,3,7
117,617,1,0,0,0,3,4,9
117,617,2,0,1,0,3,3,8
117,617,3,0,0,1,3,3,8
117,617,4,0,-2,0,3,4,9
117,617,5,0,-1,0,3,4,10
117,617,6,0,1,0,3,4,7
117,617,7,0,-1,0,3,5,10
118,118,1,1,1,0,2,2,7
118,118,2,1,-1,0,2,4,7
118,118,3,1,1,0,2,3,6
118,118,4,1,-3,0,3,4,6
118,118,5,1,-1,0,2,4,6
118,118,6,1,2,0,2,4,6
118,118,7,1,0,0,2,3,6
118,618,1,0,-1,0,2,4,8
118,618,2,0,0,0,3,4,6
118,618,3,0,-2,0,3,6,6
118,618,4,0,0,0,3,4,7
118,618,5,0,0,0,3,7,7
118,618,6,0,-2,0,2,6,6
118,618,7,0,1,0,2,6,6
119,119,1,1,0,0,3,3,9
119,119,2,1,-2,0,3,0,6
119,119,3,1,-1,0,3,3,6
119,119,4,1,1,0,3,4,7
119,119,5,1,-1,0,3,2,6
119,119,6,1,0,0,3,4,6
119,119,7,1,0,0,3,2,6
119,619,1,0,0,0,3,5,8
119,619,2,0,0,0,3,4,9
119,619,3,0,0,0,3,3,9
119,619,4,0,0,0,3,4,9
119,619,5,0,0,0,3,4,10
119,619,6,0,0,0,3,4,10
119,619,7,0,0,0,3,6,10
120,120,1,1,0,0,3,0,10
120,120,2,1,0,0,3,2,10
120,120,3,1,0,0,3,1,10
120,120,4,1,0,0,3,0,10
120,120,5,1,0,0,3,0,10
120,120,6,1,0,0,3,1,10
120,120,7,1,0,0,3,0,10
120,620,1,0,0,0,3,0,10
120,620,2,0,1,0,3,0,10
120,620,3,0,0,0,3,0,10
120,620,4,0,0,0,3,0,10
120,620,5,0,0,0,3,0,10
120,620,6,0,0,0,3,0,10
120,620,7,0,0,0,3,0,10
121,121,1,1,0,1,3,1,10
121,121,2,1,-1,1,3,10,10
121,121,3,1,-1,1,3,3,6
121,121,4,1,0,0,3,8,7
121,121,5,1,-3,0,3,2,8
121,121,6,1,-1,0,3,8,9
121,121,7,1,-2,1,3,1,7
121,621,1,0,0,0,3,2,9
121,621,2,0,0,1,3,10,10
121,621,3,0,0,1,3,8,2
121,621,4,0,0,0,3,7,7
121,621,5,0,0,1,3,10,10
121,621,6,0,0,0,3,9,9
121,621,7,0,-1,0,3,8,7
122,122,1,1,-1,0,3,1,10
122,122,2,1,-1,0,3,1,10
122,122,3,1,2,1,3,8,10
122,122,4,1,0,0,3,1,9
122,122,5,1,0,0,3,8,8
122,122,6,1,-1,1,2,0,8
122,122,7,1,0,1,2,1,7
122,622,1,0,0,3,0,1,5
122,622,2,0,-1,2,1,5,4
122,622,3,0,0,0,2,2,9
122,622,4,0,0,0,1,2,9
122,622,5,0,3,1,1,1,7
122,622,6,0,-1,0,2,8,2
122,622,7,0,-1,1,1,4,3
123,123,1,1,1,1,3,10,10
123,123,2,1,1,1,2,5,1
123,123,3,1,0,1,2,1,0
123,123,4,1,2,1,2,1,10
123,123,5,1,-3,2,2,0,0
123,123,6,1,2,1,1,10,5
123,123,7,1,1,2,1,5,5
123,623,1,0,0,1,2,10,10
123,623,2,0,0,3,1,10,5
123,623,3,0,-1,2,3,10,5
123,623,4,0,-3,2,1,5,1
123,623,5,0,-2,1,2,5,0
123,623,6,0,1,1,1,6,10
123,623,7,0,1,2,2,5,0
124,124,1,1,-2,1,3,10,10
124,124,2,1,-2,3,2,9,10
124,124,3,1,1,1,2,4,5
124,124,4,1,-3,1,3,5,4
124,124,5,1,-3,2,3,6,6
124,124,6,1,-2,1,3,4,4
124,124,7,1,-3,2,3,4,5
124,624,1,0,-2,2,2,3,7
124,624,2,0,1,1,0,4,6
124,624,3,0,-2,0,2,6,10
124,624,4,0,0,2,3,5,9
124,624,5,0,-3,1,1,6,8
124,624,6,0,3,1,3,7,6
124,624,7,0,-2,4,2,5,8
125,125,1,1,0,0,3,0,10
125,125,2,1,0,0,3,1,10
125,125,3,1,0,0,3,0,10
125,125,4,1,0,0,3,1,10
125,125,5,1,0,0,3,0,10
125,125,6,1,0,0,3,0,10
125,125,7,1,0,0,3,0,10
125,625,1,0,0,0,3,2,10
125,625,2,0,0,0,3,3,10
125,625,3,0,0,0,3,10,10
125,625,4,0,0,0,3,10,10
125,625,5,0,0,0,3,10,10
125,625,6,0,0,0,3,1,10
125,625,7,0,0,0,3,0,10
126,126,1,1,0,0,3,10,10
126,126,2,1,0,0,3,10,10
126,126,3,1,0,0,3,10,10
126,126,4,1,0,2,3,10,10
126,126,5,1,0,2,3,10,10
126,126,6,1,0,2,3,10,10
126,126,7,1,0,0,3,10,10
126,626,1,0,0,0,3,10,10
126,626,2,0,-1,0,3,10,10
126,626,3,0,1,0,3,10,10
126,626,4,0,0,1,3,9,8
126,626,5,0,0,1,2,7,7
126,626,6,0,-1,1,2,9,9
126,626,7,0,0,0,2,9,9
127,127,1,1,1,0,3,10,8
127,127,2,1,1,0,2,7,8
127,127,3,1,0,1,3,5,5
127,127,4,1,-1,2,3,9,8
127,127,5,1,1,1,2,7,8
127,127,6,1,3,0,3,5,10
127,127,7,1,0,0,3,10,10
127,627,1,0,0,0,3,7,10
127,627,2,0,0,1,3,9,6
127,627,3,0,3,2,3,6,6
127,627,4,0,1,3,2,5,7
127,627,5,0,2,0,3,9,9
127,627,6,0,1,0,2,9,9
127,627,7,0,1,1,3,8,8
135,135,1,1,0,1,3,5,5
135,135,2,1,-1,0,0,10,3
135,135,3,1,0,0,1,10,8
135,135,4,1,-1,2,3,9,2
135,135,5,1,0,0,2,3,8
135,135,6,1,0,1,1,3,1
135,135,7,1,-3,4,3,5,9
135,635,1,0,0,0,3,6,7
135,635,2,0,0,0,3,4,5
135,635,3,0,-1,0,3,5,4
135,635,4,0,2,0,2,2,4
135,635,5,0,1,0,1,5,6
135,635,6,0,0,0,1,2,2
135,635,7,0,-1,0,3,2,5
136,136,1,1,0,0,3,10,10
136,136,2,1,0,1,3,0,10
136,136,3,1,1,0,3,0,10
136,136,4,1,0,0,3,0,10
136,136,5,1,0,0,3,0,10
136,136,6,1,0,0,2,0,10
136,136,7,1,0,0,3,0,10
136,636,1,0,0,0,3,0,10
136,636,2,0,0,1,3,0,10
136,636,3,0,1,0,3,0,10
136,636,4,0,0,0,3,0,10
136,636,5,0,0,0,3,0,10
136,636,6,0,0,0,3,0,10
136,636,7,0,0,1,3,3,10
137,137,1,1,0,0,3,0,10
137,137,2,1,1,0,3,7,10
137,137,3,1,0,1,3,9,10
137,137,4,1,0,1,3,3,10
137,137,5,1,1,1,3,9,10
137,137,6,1,0,1,3,10,10
137,137,7,1,1,1,3,0,10
137,637,1,0,0,0,3,0,10
137,637,2,0,1,0,3,0,9
137,637,3,0,-1,1,3,0,9
137,637,4,0,-1,1,3,0,10
137,637,5,0,0,1,3,10,10
137,637,6,0,0,1,3,1,10
137,637,7,0,-2,1,2,1,9
138,138,1,1,0,0,3,3,10
138,138,2,1,1,1,3,0,10
138,138,3,1,0,0,3,2,10
138,138,4,1,0,0,3,3,10
138,138,5,1,0,0,3,0,10
138,138,6,1,0,0,3,2,10
138,138,7,1,1,1,3,2,10
138,638,1,0,0,0,3,0,10
138,638,2,0,0,1,3,0,10
138,638,3,0,0,0,3,1,10
138,638,4,0,-1,0,3,1,10
138,638,5,0,1,0,3,0,9
138,638,6,0,0,1,3,0,10
138,638,7,0,0,1,3,2,10
139,139,1,1,1,0,3,2,10
139,139,2,1,0,0,3,0,10
139,139,3,1,0,0,3,0,10
139,139,4,1,0,1,3,0,10
139,139,5,1,0,1,3,10,10
139,139,6,1,0,0,2,0,10
139,139,7,1,0,0,2,0,10
139,639,1,0,1,0,3,0,10
139,639,2,0,1,0,3,0,10
139,639,3,0,0,0,3,0,10
139,639,4,0,1,1,3,0,10
139,639,5,0,0,1,3,0,10
139,639,6,0,0,0,3,0,10
139,639,7,0,0,0,3,1,10
140,140,1,1,0,0,2,5,5
140,140,2,1,0,0,2,5,5
140,140,3,1,0,0,2,5,5
140,140,4,1,-2,0,2,5,5
140,140,5,1,0,0,2,5,5
140,140,6,1,0,0,2,5,5
140,140,7,1,0,0,2,5,5
140,640,1,0,0,0,2,5,5
140,640,2,0,0,0,2,5,5
140,640,3,0,-1,0,2,5,5
140,640,4,0,3,0,0,5,5
140,640,5,0,0,0,2,5,5
140,640,6,0,0,0,2,5,5
140,640,7,0,0,0,2,5,5
141,141,1,1,-3,2,3,5,5
141,141,2,1,-2,2,3,5,5
141,141,3,1,-3,1,3,5,5
141,141,4,1,-3,1,2,5,5
141,141,5,1,-3,1,3,5,5
141,141,6,1,-2,0,3,5,5
141,141,7,1,NA,NA,NA,NA,NA
141,641,1,0,-1,1,3,5,8
141,641,2,0,-1,2,2,5,8
141,641,3,0,0,2,2,5,6
141,641,4,0,0,1,3,7,6
141,641,5,0,0,4,3,5,5
141,641,6,0,0,0,3,5,9
141,641,7,0,-2,2,3,5,9
142,142,1,1,0,2,2,10,10
142,142,2,1,0,3,2,3,6
142,142,3,1,-1,3,2,7,6
142,142,4,1,-2,3,2,6,3
142,142,5,1,2,2,2,8,8
142,142,6,1,0,2,2,8,8
142,142,7,1,-3,2,3,5,5
142,642,1,0,0,3,2,10,10
142,642,2,0,0,3,1,5,10
142,642,3,0,0,3,2,10,10
142,642,4,0,-2,3,3,10,9
142,642,5,0,3,2,2,10,10
142,642,6,0,0,2,2,9,10
142,642,7,0,-3,2,2,10,10
143,143,1,1,0,0,3,0,8
143,143,2,1,0,0,3,0,8
143,143,3,1,0,0,3,10,0
143,143,4,1,0,0,3,10,0
143,143,5,1,1,0,3,10,0
143,143,6,1,0,0,3,10,0
143,143,7,1,0,0,3,10,0
143,643,1,0,0,0,3,4,0
143,643,2,0,0,0,3,4,0
143,643,3,0,0,0,3,4,0
143,643,4,0,0,0,3,4,0
143,643,5,0,-1,0,3,4,0
143,643,6,0,0,0,3,4,0
143,643,7,0,0,0,3,4,0
144,144,1,1,1,1,3,5,5
144,144,2,1,2,1,2,5,5
144,144,3,1,-1,0,2,9,7
144,144,4,1,0,3,0,9,2
144,144,5,1,1,1,2,6,8
144,144,6,1,3,0,3,8,8
144,144,7,1,-3,0,2,3,7
144,644,1,0,-2,0,3,7,8
144,644,2,0,1,0,3,8,8
144,644,3,0,-1,0,3,0,8
144,644,4,0,0,0,2,9,8
144,644,5,0,0,0,2,8,7
144,644,6,0,0,0,2,5,5
144,644,7,0,0,0,2,5,5
145,145,1,1,-1,3,2,9,10
145,145,2,1,-1,2,3,10,10
145,145,3,1,2,4,2,9,10
145,145,4,1,-2,3,1,9,9
145,145,5,1,0,3,2,10,10
145,145,6,1,-2,3,3,10,10
145,145,7,1,0,4,3,7,8
145,645,1,0,0,2,2,9,10
145,645,2,0,-3,0,2,9,10
145,645,3,0,-2,0,2,9,10
145,645,4,0,-3,1,0,10,9
145,645,5,0,-1,3,2,9,10
145,645,6,0,0,2,2,8,8
145,645,7,0,-2,2,3,10,10
146,146,1,1,-3,2,0,5,5
146,146,2,1,-3,1,1,3,2
146,146,3,1,-3,1,1,6,5
146,146,4,1,-1,3,1,6,6
146,146,5,1,-3,3,1,5,6
146,146,6,1,-3,3,1,5,6
146,146,7,1,-3,3,1,5,6
146,646,1,0,-3,2,1,6,4
146,646,2,0,-3,3,0,3,2
146,646,3,0,-3,1,1,6,5
146,646,4,0,-3,3,0,6,5
146,646,5,0,-3,3,1,7,3
146,646,6,0,-3,3,1,5,6
146,646,7,0,-3,3,1,6,6
147,147,1,1,0,0,3,7,10
147,147,2,1,1,0,3,8,8
147,147,3,1,0,0,3,0,6
147,147,4,1,1,0,3,3,7
147,147,5,1,1,0,3,2,8
147,147,6,1,1,0,3,2,8
147,147,7,1,0,0,3,3,9
147,647,1,0,0,0,3,8,10
147,647,2,0,3,0,3,7,9
147,647,3,0,0,0,3,0,9
147,647,4,0,0,0,3,3,8
147,647,5,0,1,0,3,2,8
147,647,6,0,0,0,3,2,8
147,647,7,0,0,0,3,2,8
148,148,1,1,-1,1,3,2,10
148,148,2,1,2,2,3,1,10
148,148,3,1,2,2,3,0,10
148,148,4,1,1,0,3,1,10
148,148,5,1,0,0,3,9,10
148,148,6,1,0,0,3,2,10
148,148,7,1,0,0,3,10,10
148,648,1,0,-1,1,3,0,5
148,648,2,0,2,2,3,0,6
148,648,3,0,1,2,3,0,5
148,648,4,0,1,0,3,0,10
148,648,5,0,0,0,3,0,10
148,648,6,0,0,0,3,0,10
148,648,7,0,0,0,3,0,10
149,149,1,1,0,0,3,0,9
149,149,2,1,0,0,3,0,9
149,149,3,1,0,0,3,0,9
149,149,4,1,0,0,3,0,9
149,149,5,1,0,0,3,0,9
149,149,6,1,0,0,3,0,9
149,149,7,1,0,0,3,0,9
149,649,1,0,1,1,3,0,9
149,649,2,0,0,3,3,0,6
149,649,3,0,0,2,3,0,6
149,649,4,0,0,0,3,0,6
149,649,5,0,0,0,3,0,6
149,649,6,0,0,0,3,0,6
149,649,7,0,0,0,3,0,6
150,150,1,1,-1,1,0,2,8
150,150,2,1,-1,0,3,3,7
150,150,3,1,0,0,3,1,9
150,150,4,1,0,0,3,5,7
150,150,5,1,0,0,3,5,5
150,150,6,1,0,0,3,5,6
150,150,7,1,0,0,3,4,2
150,650,1,0,0,0,1,1,8
150,650,2,0,0,0,1,1,8
150,650,3,0,0,0,3,4,8
150,650,4,0,0,0,3,5,8
150,650,5,0,0,0,3,5,6
150,650,6,0,0,0,3,3,5
150,650,7,0,0,0,3,2,7
151,151,1,1,-1,0,2,9,9
151,151,2,1,-1,0,2,8,8
151,151,3,1,0,0,2,10,10
151,151,4,1,-1,0,2,9,9
151,151,5,1,-1,0,2,8,8
151,151,6,1,-1,0,2,9,9
151,151,7,1,-1,0,2,9,9
151,651,1,0,-2,0,2,9,9
151,651,2,0,-1,0,3,9,9
151,651,3,0,-1,0,2,9,8
151,651,4,0,-1,0,2,9,9
151,651,5,0,-1,0,3,9,9
151,651,6,0,-2,0,2,9,9
151,651,7,0,-1,0,2,8,8
152,152,1,1,-1,0,3,6,10
152,152,2,1,-1,0,3,6,6
152,152,3,1,0,0,3,6,6
152,152,4,1,0,0,3,6,10
152,152,5,1,0,0,3,6,10
152,152,6,1,-2,0,3,6,6
152,152,7,1,-2,0,3,8,7
152,652,1,0,-1,0,3,7,10
152,652,2,0,-1,0,3,7,6
152,652,3,0,-1,0,3,6,6
152,652,4,0,-1,0,3,6,6
152,652,5,0,-1,0,3,6,10
152,652,6,0,-1,0,3,6,10
152,652,7,0,-1,0,3,6,6
153,153,1,1,0,0,3,3,7
153,153,2,1,-1,0,3,3,7
153,153,3,1,0,0,3,5,8
153,153,4,1,0,0,3,5,8
153,153,5,1,-1,0,3,5,7
153,153,6,1,-1,0,3,5,8
153,153,7,1,-1,0,3,4,7
153,653,1,0,-1,0,3,4,7
153,653,2,0,-1,0,3,4,7
153,653,3,0,0,0,3,5,7
153,653,4,0,0,0,3,5,9
153,653,5,0,-2,0,2,5,7
153,653,6,0,-2,0,3,3,7
153,653,7,0,-1,0,2,3,8
154,154,1,1,0,0,3,9,8
154,154,2,1,-1,0,3,4,7
154,154,3,1,-2,0,3,3,8
154,154,4,1,-1,0,3,6,7
154,154,5,1,0,0,3,2,7
154,154,6,1,-2,0,3,4,7
154,154,7,1,0,0,3,3,7
154,654,1,0,0,0,3,2,8
154,654,2,0,-1,0,2,5,8
154,654,3,0,-1,0,3,4,7
154,654,4,0,0,0,3,4,8
154,654,5,0,0,0,3,4,7
154,654,6,0,0,0,3,2,7
154,654,7,0,0,0,3,4,7
155,155,1,1,-3,1,3,4,7
155,155,2,1,-1,1,3,5,7
155,155,3,1,-2,0,3,4,7
155,155,4,1,0,1,3,4,7
155,155,5,1,0,0,3,5,7
155,155,6,1,-1,0,3,5,7
155,155,7,1,-1,0,3,4,8
155,655,1,0,-3,1,3,6,9
155,655,2,0,-1,2,3,6,8
155,655,3,0,-2,0,3,5,8
155,655,4,0,0,1,3,4,10
155,655,5,0,0,0,3,8,7
155,655,6,0,-1,0,3,3,8
155,655,7,0,-1,0,3,5,8
156,156,1,1,-1,0,3,5,8
156,156,2,1,-1,0,3,4,8
156,156,3,1,1,0,3,6,8
156,156,4,1,2,0,3,5,9
156,156,5,1,0,0,3,10,10
156,156,6,1,2,0,3,4,10
156,156,7,1,-1,0,3,4,8
156,656,1,0,-1,0,3,4,8
156,656,2,0,-2,0,3,5,8
156,656,3,0,-1,0,3,4,8
156,656,4,0,-1,0,3,5,9
156,656,5,0,0,0,3,4,10
156,656,6,0,-3,0,3,4,10
156,656,7,0,-1,0,3,4,7
157,157,1,1,-1,0,3,3,8
157,157,2,1,0,0,3,3,8
157,157,3,1,0,0,3,5,10
157,157,4,1,-1,0,3,4,4
157,157,5,1,0,0,3,5,10
157,157,6,1,2,0,3,3,8
157,157,7,1,3,0,3,4,10
157,657,1,0,0,0,3,3,9
157,657,2,0,0,0,3,2,10
157,657,3,0,0,0,3,4,5
157,657,4,0,0,0,3,6,9
157,657,5,0,0,0,3,5,6
157,657,6,0,0,0,3,4,8
157,657,7,0,-2,0,3,4,8
158,158,1,1,-1,0,3,4,7
158,158,2,1,1,0,3,0,7
158,158,3,1,0,0,3,5,7
158,158,4,1,-1,0,3,5,7
158,158,5,1,-1,0,3,4,6
158,158,6,1,0,0,3,4,7
158,158,7,1,0,0,3,5,7
158,658,1,0,-2,0,3,4,8
158,658,2,0,3,0,3,4,8
158,658,3,0,0,0,3,4,8
158,658,4,0,0,0,3,4,8
158,658,5,0,2,0,3,4,9
158,658,6,0,3,0,3,5,8
158,658,7,0,-1,0,3,4,9
159,159,1,1,-1,0,3,2,8
159,159,2,1,-1,0,3,4,8
159,159,3,1,-2,0,3,4,7
159,159,4,1,-1,0,3,2,8
159,159,5,1,0,0,3,4,8
159,159,6,1,-3,1,3,2,8
159,159,7,1,-1,1,3,3,8
159,659,1,0,-1,0,3,1,8
159,659,2,0,-1,0,3,0,8
159,659,3,0,-2,0,3,2,8
159,659,4,0,-1,0,3,2,8
159,659,5,0,0,0,3,2,8
159,659,6,0,-3,1,2,2,8
159,659,7,0,-1,1,2,1,8
160,160,1,1,0,0,3,7,7
160,160,2,1,0,0,3,4,7
160,160,3,1,0,0,3,6,7
160,160,4,1,0,0,3,5,7
160,160,5,1,0,0,3,5,7
160,160,6,1,0,1,3,5,7
160,160,7,1,-1,1,3,7,7
160,660,1,0,0,0,3,5,6
160,660,2,0,-1,0,3,5,6
160,660,3,0,-2,0,2,2,7
160,660,4,0,0,0,3,5,8
160,660,5,0,0,0,3,5,7
160,660,6,0,0,0,2,5,6
160,660,7,0,-1,0,3,5,9
161,161,1,1,0,0,3,5,7
161,161,2,1,0,0,3,5,7
161,161,3,1,0,0,3,5,7
161,161,4,1,0,1,3,7,7
161,161,5,1,0,0,3,7,7
161,161,6,1,0,0,3,4,7
161,161,7,1,-1,0,3,5,8
161,661,1,0,0,0,2,5,8
161,661,2,0,0,0,3,4,7
161,661,3,0,0,0,3,5,7
161,661,4,0,0,1,3,5,8
161,661,5,0,-2,0,3,5,8
161,661,6,0,0,0,3,5,8
161,661,7,0,-3,0,3,5,7
162,162,1,1,-1,0,3,4,7
162,162,2,1,0,0,3,5,7
162,162,3,1,0,1,3,5,6
162,162,4,1,-1,1,3,5,6
162,162,5,1,0,1,3,5,7
162,162,6,1,1,1,3,5,7
162,162,7,1,0,0,3,5,7
162,662,1,0,-2,0,3,2,7
162,662,2,0,0,0,3,4,6
162,662,3,0,0,1,3,0,6
162,662,4,0,-1,1,3,3,7
162,662,5,0,0,1,2,4,7
162,662,6,0,-1,1,3,5,6
162,662,7,0,0,0,3,5,6
163,163,1,1,0,0,3,4,7
163,163,2,1,0,1,3,4,7
163,163,3,1,-3,0,3,5,7
163,163,4,1,0,0,3,4,8
163,163,5,1,0,0,3,5,7
163,163,6,1,-3,1,2,4,7
163,163,7,1,0,0,2,3,7
163,663,1,0,-1,0,3,7,7
163,663,2,0,0,1,3,5,7
163,663,3,0,0,0,3,5,6
163,663,4,0,0,0,2,5,7
163,663,5,0,0,0,3,5,7
163,663,6,0,-1,1,3,5,7
163,663,7,0,0,0,3,5,7
164,164,1,1,0,1,3,5,6
164,164,2,1,0,1,3,5,7
164,164,3,1,0,1,3,5,7
164,164,4,1,-2,0,3,5,7
164,164,5,1,-1,2,3,6,6
164,164,6,1,0,0,3,5,7
164,164,7,1,0,1,3,5,7
164,664,1,0,-2,1,2,5,6
164,664,2,0,-2,0,3,4,6
164,664,3,0,0,1,3,6,6
164,664,4,0,0,0,2,6,6
164,664,5,0,0,2,3,3,6
164,664,6,0,-1,0,2,5,6
164,664,7,0,0,1,3,5,7
165,165,1,1,-2,0,3,8,7
165,165,2,1,0,0,3,2,7
165,165,3,1,-2,0,3,4,8
165,165,4,1,-1,0,2,5,7
165,165,5,1,0,0,2,4,6
165,165,6,1,0,0,2,4,7
165,165,7,1,-1,0,3,5,8
165,665,1,0,0,0,3,3,7
165,665,2,0,-1,0,2,4,7
165,665,3,0,-1,0,3,4,7
165,665,4,0,0,0,3,4,8
165,665,5,0,-2,0,3,3,8
165,665,6,0,-3,0,3,4,7
165,665,7,0,-1,0,3,2,8
166,166,1,1,0,0,3,1,8
166,166,2,1,0,0,3,1,8
166,166,3,1,-2,1,3,4,8
166,166,4,1,-1,0,3,1,7
166,166,5,1,0,1,3,1,7
166,166,6,1,0,0,3,1,7
166,166,7,1,0,0,3,7,9
166,666,1,0,-2,0,3,2,8
166,666,2,0,0,0,2,3,8
166,666,3,0,-2,1,2,7,7
166,666,4,0,-1,0,2,4,8
166,666,5,0,0,1,2,4,10
166,666,6,0,0,0,2,5,8
166,666,7,0,0,0,2,4,6
167,167,1,1,0,0,2,4,7
167,167,2,1,3,0,3,4,6
167,167,3,1,3,1,3,4,6
167,167,4,1,-1,0,2,4,6
167,167,5,1,0,0,2,3,7
167,167,6,1,1,0,3,3,8
167,167,7,1,0,0,2,3,7
167,667,1,0,0,0,3,4,9
167,667,2,0,1,0,3,3,8
167,667,3,0,0,1,3,3,8
167,667,4,0,-2,0,3,4,9
167,667,5,0,-1,0,3,4,10
167,667,6,0,1,0,3,4,7
167,667,7,0,-1,0,3,5,10
168,168,1,1,1,0,2,2,7
168,168,2,1,-1,0,2,4,7
168,168,3,1,1,0,2,3,6
168,168,4,1,-3,0,3,4,6
168,168,5,1,-1,0,2,4,6
168,168,6,1,2,0,2,4,6
168,168,7,1,0,0,2,3,6
168,668,1,0,-1,0,2,4,8
168,668,2,0,0,0,3,4,6
168,668,3,0,-2,0,3,6,6
168,668,4,0,0,0,3,4,7
168,668,5,0,0,0,3,7,7
168,668,6,0,-2,0,2,6,6
168,668,7,0,1,0,2,6,6
169,169,1,1,0,0,3,3,9
169,169,2,1,-2,0,3,0,6
169,169,3,1,-1,0,3,3,6
169,169,4,1,1,0,3,4,7
169,169,5,1,-1,0,3,2,6
169,169,6,1,0,0,3,4,6
169,169,7,1,0,0,3,2,6
169,669,1,0,0,0,3,5,8
169,669,2,0,0,0,3,4,9
169,669,3,0,0,0,3,3,9
169,669,4,0,0,0,3,4,9
169,669,5,0,0,0,3,4,10
169,669,6,0,0,0,3,4,10
169,669,7,0,0,0,3,6,10
170,170,1,1,0,0,3,0,10
170,170,2,1,0,0,3,2,10
170,170,3,1,0,0,3,1,10
170,170,4,1,0,0,3,0,10
170,170,5,1,0,0,3,0,10
170,170,6,1,0,0,3,1,10
170,170,7,1,0,0,3,0,10
170,670,1,0,0,0,3,0,10
170,670,2,0,1,0,3,0,10
170,670,3,0,0,0,3,0,10
170,670,4,0,0,0,3,0,10
170,670,5,0,0,0,3,0,10
170,670,6,0,0,0,3,0,10
170,670,7,0,0,0,3,0,10
